ref,ğ”Š,*,ğ”,kind,lvl,subspecies,effect,effect lvl,cause,parallel,notes
25:1.1,á¼Î½ Ï„á¿· á½„ÏÎµÎ¹,×‘Ö¸×”Ö¸×¨,ï¬±Ö°×”Ö·Ö¥×¨,expansion,word,specification,determination,phrase,consonants,Ã¸,"G reads ""the Mountain of Sinai"" whereas MT lacks the article."
25:1.2,Î£Î¹Î½Î±,×¡×™× ×”,×¡Ö´×™× Ö·Ö–×™,exchange,letter,Ã¸,pronunciation,word,vorlage,Ã¸,"G reads a different vowel here, perhaps also a consonant ×” "
25:2.1,Îµá¼°Ï‚ Ï„á½´Î½ Î³á¿†Î½,×‘××¨×¥,×Ö¶×œÖ¾×”Ö¸ï¬¯Ö”×¨Ö¶×¥,exchange,word,lexeme,narrowing,word,translation,Îµá¼°Ïƒá½³ÏÏ‡Î¿Î¼Î±Î¹,G reads Îµá¼°Ï‚ suggestive of ×‘ in place of ××œ; a brief query shows that ××œ seems to be more often glossed with Ï€ÏÎ¿Ï‚. Îµá¼°Ï‚ is sometimes used as well (or the dative). ×‘×•× is more frequently used with ××œ in MT (Jupyter; ~14% in late and early texts). Could the Greek lexeme Îµá¼°Ïƒá½³ÏÏ‡Î¿Î¼Î±Î¹ have influenced the selection of verb? More data is needed to query this.
25:2.2,á¼£Î½ á¼Î³á½¼ Î´á½·Î´Ï‰Î¼Î¹ á½‘Î¼á¿–Î½,××©×¨ ×× ×™ × ×ª×Ÿ ×œ×›×,Ã¸,expansion,clause,specification,adjunct,sentence,intertextuality,Lev 25:2a; Lev 26:27â€“35,"G borrows the relative clause from the verse's part A; syntactic: the new clause functions in attributive relation to the second word ××¨×¥; the new clause is embedded within another clause, i.e. bracketed, though by nature of its being a relative clause. The specification is now repeated in the apodosis, with the result being that the land is specified as coming from the Lord both before and after entry. Does the refocus here have a more exhortational role rather than simply reflective? Lev 26 implies that the land can be taken away and given to others (look for additional evidence). See Lev 26:34, where the land also rests (only other place, cf. SHEBANQ query), but because the inhabitants have been removed. Here the land makes up for the rest that it had lost while the inhabitants lived on it."
25:3.1.1,Ï„á½´Î½ á¼„Î¼Ï€ÎµÎ»á½¹Î½ ÏƒÎ¿Ï…,×”×’×¤× ×š,ï¬»Ö·×¨Ö°×Ö¶Ö‘×šÖ¸,expansion,word,specification,determination,phrase,translation,,G reads the definite article.
25:3.1.2,Ï„á½´Î½ á¼„Î¼Ï€ÎµÎ»á½¹Î½ ÏƒÎ¿Ï…,×”×’×¤× ×š,ï¬»Ö·×¨Ö°×Ö¶Ö‘×šÖ¸,exchange,word,lexeme,actant,text,syntax,,"G reads á¼„Î¼Ï€ÎµÎ»Î¿Ï‚ â€œvineâ€ rather than the expected á¼„Î¼Ï€ÎµÎ»Ï‰Î½ â€œvineyard.â€ The latter always translates ×›×¨× in the Pentateuch (excluding this chapter). The change resolves the difficulty of the 3fs suffix on ×ª×‘×•××ª×” â€œits [her] produceâ€ both in Hebrew and Greek. ×’×¤×Ÿ can be either m. or f. (HALOT 200). á¼‚Î¼Ï€ÎµÎ»Î¿Ï‚ is f. (Muraoka 33). The resolution works in either Hebrew or Greek, and is thus not necessarily original to G. The effect, though, is that the referent of â€œits produceâ€ becomes â€œgrapevine,â€ a text-level alteration which affects the apparent actant of â€œproduce.â€ The solution is reached is by literalizing a synechdoche. The MT attests to ×›×¨× â€œvineyard.â€ The grapevine is a part of a vineyard. The change is affected through the analogy."
25:3.2.1,Ï„á½¸Î½ ÎºÎ±ÏÏ€á½¸Î½ Î±á½Ï„á¿†Ï‚,××ªÖ¾×”×ª×‘×•××ª×”,×Ö¶×ªÖ¾ï­ŠÖ°×‘ï¬µï¬¯×ªÖ¸Ö½ï¬´,expansion,word,specification,determination,phrase,translation,,G reads the definite article.
25:3.2.2,Ï„á½¸Î½ ÎºÎ±ÏÏ€á½¸Î½ Î±á½Ï„á¿†Ï‚,××ªÖ¾×”×ª×‘×•××ª×”,×Ö¶×ªÖ¾ï­ŠÖ°×‘ï¬µï¬¯×ªÖ¸Ö½ï¬´,exchange,word,lexeme,narrowing,word,cohesion,,"G reads ÎºÎ±ÏÏ€á½¸Î½ rather than the expected Î³ÎµÎ½á½µÎ¼Î±Ï„Î± (as pointed out by Wevers 402). This is likely due to the transformation ×›×¨× to ×’×¤×Ÿ. In the HB, fruitfuless is associated with the latter in Isa 32:12 and Ps 128:3, but seemingly not with the former (https://shebanq.ancient-data.org/hebrew/query?version=2017&id=2602). "
25:4.1,Ï„á½¸Î½ á¼€Î³Ïá½¹Î½ ÏƒÎ¿Ï…,×”×©×“×š,ï¬«Ö¸Ö½×“Ö°×šÖ¸Ö™,expansion,word,specification,determination,phrase,translation,,G reads the definite article.
25:4.2.1,ÎºÎ±á½¶ Ï„á½´Î½ á¼„Î¼Ï€ÎµÎ»á½¹Î½ ÏƒÎ¿Ï…,×•×”×’×¤× ×š,×•Ö°×›Ö·×¨Ö°×Ö°×šÖ¸Ö–,expansion,word,specification,determination,phrase,translation,,G reads the definite article.
25:4.2.2,ÎºÎ±á½¶ Ï„á½´Î½ á¼„Î¼Ï€ÎµÎ»á½¹Î½ ÏƒÎ¿Ï…,×•×”×’×¤× ×š,×•Ö°×›Ö·×¨Ö°×Ö°×šÖ¸Ö–,exchange,word,lexeme,literalism,word,synecdoche,,see same in 25:3.
25:5.1,ÎºÎ±á½¶,×•,Ã¸,expansion,word,specification,coordination,text,cohesion,Lev 25:4b,"G reads the ×• conjunction, creating a connection with the previous two injunctions in vs. 4b. The continuation mirrors that of vs. 3 where there are two clauses with predicates of ×ª×–×¨×¢ and ×ª×–××¨ (as in vs. 4b) followed by a third clause. This variant represents a concern for cohesion inasmuch as the addition of the waw conjunction is influenced by the preceding clauses in the text. "
25:5.2.1,Ï„á½° Î±á½Ï„á½¹Î¼Î±Ï„Î± Ï„á½° á¼€Î½Î±Î²Î±á½·Î½Î¿Î½Ï„Î±,××ª ×”×¡×¤×™×—×™× ×”×¢×œ×™×,×ÖµÖ£×ª ×¡Ö°×¤Ö´Ö¤×™×—Ö·,expansion,word,specification,determination,phrase,translation,,G reads the definite article.
25:5.2.2,Ï„á½° Î±á½Ï„á½¹Î¼Î±Ï„Î± Ï„á½° á¼€Î½Î±Î²Î±á½·Î½Î¿Î½Ï„Î±,××ª ×”×¡×¤×™×—×™× ×”×¢×œ×™×,×ÖµÖ£×ª ×¡Ö°×¤Ö´Ö¤×™×—Ö·,expansion,word,lexeme,apposition,phrase,translation,,"G reads Mâ€™s one word ×¡×¤×™×— as a four word description: Ï„á½° Î±á½Ï„á½¹Î¼Î±Ï„Î± Ï„á½° á¼€Î½Î±Î²Î±á½·Î½Î¿Î½Ï„Î±. That the word ×¡×¤×™×— can be translated into Greek without the need for the additional word is clear from 2 Kgs 19:29. The two definite articles look suspiciously like a Hebraic attributive phase (note that the second article is only reflected in Fb2 but is included in the GÃ¶ttingen text due to the likely haplography with the end of Î±á½Ï„á½¹Î¼Î±Ï„Î± and Ï„á½°). Î±Í—Î½Î±Î²Î±á½·Î½Ï‰ regularly translates the verb ×¢×œ×”. (e.g. Gen 31:10), but it is not found anywhere else alongside Î±á½Ï„á½¹Î¼Î±Ï„Î±.

Excursus: The Hebraizing tendency of the construction at hand is illustrated by a comparison with the MT (Jupyter). In 58% of cases (87 of 150) where this construction is found in the Pentateuch, it reflects a Hebrew original. The construction is also found to be more common in Semiticizing NT books (Matthew vs. Luke; also John, Revelation, cf. saved NT_attributive.txt as counted in Accordance). "
25:5.2.3,Ï„á½° Î±á½Ï„á½¹Î¼Î±Ï„Î± Ï„á½° á¼€Î½Î±Î²Î±á½·Î½Î¿Î½Ï„Î±,××ª ×”×¡×¤×™×—×™× ×”×¢×œ×™×,×ÖµÖ£×ª ×¡Ö°×¤Ö´Ö¤×™×—Ö·,exchange,word,morphology,number,phrase,cohesion,Lev 25:11; Lev 25:5a2,"G reads the noun as plural. This may be due to the influence of the plural occurrence of the term in vs. 11. In addition, the change may be caused by cohesion due to the plural ×¢× ×‘×™ â€œgrapesâ€ in the following clause. Though, in G the plural ×¢× ×‘×™ is translated with the singular ÏƒÏ„Î±Ï†Ï…Î»á½µ. But the singular noun is regularly used to translate the plural ×¢× ×‘×™× in Hebrew. If the Vorlage indeed contained the plural, then it would be available to influence the choice of number."
25:5.3.1,Ï„Î¿á¿¦ á¼€Î³ÏÎ¿á¿¦ ÏƒÎ¿Ï…,×”×©×“×š,×§Ö°×¦Ö´Ö½×™×¨Ö°×šÖ¸Ö™,expansion,word,specification,determination,phrase,translation,,G reads the definite article.
25:5.3.2,Ï„Î¿á¿¦ á¼€Î³ÏÎ¿á¿¦ ÏƒÎ¿Ï…,×”×©×“×š,×§Ö°×¦Ö´Ö½×™×¨Ö°×šÖ¸Ö™,exchange,word,lexeme,resolution,phrase,contradiction,Lev 25:4,"G reads ×©×“×” rather than ×§×¦×™×¨. There seems to be an effort to avoid any conflict between ×§×¦×™×¨ â€œharvestâ€ and ×œ× ×ª×§×¦×•×¨ â€œdo not harvest.â€ ×©×“×” is a convenient term to substitute, since the harvest is a product of the field and since it is available nearby in vs. 4. The substitution resolves any perceived conflict with the following injunction. 

The change affects an additional awkwardness between á¼€Î½Î±Î²Î±á½·Î½Î¿Î½Ï„Î± and this slot. In other words, it makes little sense to say that the plants â€œgo up [in] the harvest.â€ Rather, plants â€œgo upâ€ (grow) in a field.

One note on whether G represents a variant Vorlage, as addressed two cells above: the resulting phrase ××ª ×”×¡×¤×™×—×™× ×”×¢×œ× ×”×©×“×š comes across as awkward in Hebrew. This kind of long chained construction, with a participle, happens rarely in the Hebrew Bible (14; see https://shebanq.ancient-data.org/hebrew/query?version=2017&id=2599), and the third element is typically a demonstrative pronoun.  "
25:5.4.1,Ï„á½´Î½ ÏƒÏ„Î±Ï†Ï…Î»á½´Î½ Ï„Î¿á¿¦ á¼Î³Î¹á½±ÏƒÎ¼Î±Ï„á½¹Ï‚ ÏƒÎ¿Ï…,××ªÖ¾×”×¢× ×‘×™ ×§×“×©×š,×Ö¶×ªÖ¾×¢Ö´ï­€Ö°×‘ÖµÖ¥×™ × Ö°×–Ö´×™×¨Ö¶Ö–×šÖ¸,exchange,word,morphology,number,phrase,translation,,G reads the noun as singular. This is due to usual LXX translation of the plural Hebrew ×¢× ×‘×™× â€œgrapes.â€
25:5.4.2,Ï„á½´Î½ ÏƒÏ„Î±Ï†Ï…Î»á½´Î½ Ï„Î¿á¿¦ á¼Î³Î¹á½±ÏƒÎ¼Î±Ï„á½¹Ï‚ ÏƒÎ¿Ï…,××ªÖ¾×”×¢× ×‘×™ ×§×“×©×š,×Ö¶×ªÖ¾×¢Ö´ï­€Ö°×‘ÖµÖ¥×™ × Ö°×–Ö´×™×¨Ö¶Ö–×šÖ¸,expansion,word,specification,determination,phrase,translation,,G reads the definite article. The use of the article is probably a translational expansion. But see ××ªÖ¾×”×¢× ×‘×™× in Gen 40:11.  
25:5.5.1,Ï„Î¿á¿¦ á¼Î³Î¹á½±ÏƒÎ¼Î±Ï„á½¹Ï‚ ÏƒÎ¿Ï…,×”×§×“×©×š,× Ö°×–Ö´×™×¨Ö¶Ö–×šÖ¸,expansion,word,specification,determination,phrase,translation,,G reads the definite article.
25:5.5.2,Ï„Î¿á¿¦ á¼Î³Î¹á½±ÏƒÎ¼Î±Ï„á½¹Ï‚ ÏƒÎ¿Ï…,×”×§×“×©×š,× Ö°×–Ö´×™×¨Ö¶Ö–×šÖ¸,exchange,word,lexeme,metonymy,word,cohesion,,"G reads ×§×“×© â€œholinessâ€ rather than the MTâ€™s × ×–×™×¨ â€œuntrimmed?â€ × ×–×™×¨ is translated diversely in the LXX. It can be transliterated as in Judg 13:7, 17:17, Lam 4:7; translated into various verbs for â€œvowingâ€ as in Num 6:2, 6:13; and euphemistically as â€œgloryâ€ Î´Î¿Î¾Î±ÏƒÎ¸Îµá½¶Ï‚ in Deut 33:16. Weversâ€™ translates the phrase as â€œthe grape clusters which you dedicated,â€ interpreting the second person genitive pronoun as a subjective genitive (Wevers, Notes, 403). But Weverâ€™s translation overlooks the fact the á¼Î³á½·Î±ÏƒÎ¼Î± usually refers to a sacred place, often as a gloss for ××§×“×© (Muraoka, LXX, 5). Rather, G appears to be borrowing its change used in the first part of this verse, ×§×¦×™×¨ to ×©×“×”, i.e. a place. By interpreting × ×–×™×¨ as a holy â€œplace,â€ G seems to be interpreting it as a vineyard that has been consecrated. "
25:6.1,Ï„á½° Ïƒá½±Î²Î²Î±Ï„Î±,×”×©×‘×ª×ª,ï¬ªÖ·ï¬±Ö·Ö¨×ª,expansion,word,specification,determination,word,translation,,G reads the definite article.
25:6.2.1,Î²Ïá½½Î¼Î±Ï„á½±,×œ××›×œ×•×ª,×œÖ¸×›Ö¶×Ö™ ×œÖ°ï¬¯×›Ö°×œÖ¸Ö”×”,omission,word,reduction,adjunct,clause,cohesion,,"G does not read the additional ×œ + suffix marker, probably because it is plural, which creates discord with the following ×œ×š complementizer. "
25:6.2.2,Î²Ïá½½Î¼Î±Ï„á½±,×œ××›×œ×•×ª,×œÖ°ï¬¯×›Ö°×œÖ¸Ö”×”,exchange,word,morphology,number,word,translation,,"G reads ××›×œ×” as plural. This is probably translational, but see the plural use of Î²Ïá¿¶Î¼Î± in Lev 11:34."
25:6.3,Ï„á¿· Î¼Î¹ÏƒÎ¸Ï‰Ï„á¿·,×œÖ·×©×›×™×¨×š,×œÖ´ï¬«Ö°×›Ö´Ö½×™×¨Ö°×šÖ¸Ö™,expansion,word,specification,determination,phrase,consonants,,G reads the definite article.
25:6.4.1,ÎºÎ±á½¶ Ï„á¿· Ï€Î±ÏÎ¿á½·Îºá¿³ Ï„á¿· Ï€ÏÎ¿ÏƒÎºÎµÎ¹Î¼á½³Î½á¿³ Ï€Ïá½¸Ï‚ Ïƒá½³,×•×œÖ·×ª×•×©×‘ ×”×’×¨×™× ×¢××š,ï¬µ×œÖ°×ª×•Ö¹ï¬ªÖ¸Ö£×‘Ö°×šÖ¸Ö” ×”Ö·ï¬²Ö¸×¨Ö´Ö–×™× ×¢Ö´ï¬¾Ö¸Ö½×šÖ°,expansion,word,specification,determination,phrase,consonants,,G reads the definite article.
25:6.4.2,ÎºÎ±á½¶ Ï„á¿· Ï€Î±ÏÎ¿á½·Îºá¿³ Ï„á¿· Ï€ÏÎ¿ÏƒÎºÎµÎ¹Î¼á½³Î½á¿³ Ï€Ïá½¸Ï‚ Ïƒá½³,×•×œ×ª×•×©×‘ ×”×’×¨×™× ×¢××š,ï¬µ×œÖ°×ª×•Ö¹ï¬ªÖ¸Ö£×‘Ö°×šÖ¸Ö” ×”Ö·ï¬²Ö¸×¨Ö´Ö–×™× ×¢Ö´ï¬¾Ö¸Ö½×šÖ°,omission,word,suffix,pronominal,phrase,redundancy,,"G omits the 2ms pronominal suffix on ×ª×•×©×‘, probably since it occurs at the end of the clause. The change omits a perceived redundancy."
25:7.1.1,Ï„Î¿á¿–Ï‚ ÎºÏ„á½µÎ½ÎµÏƒá½·Î½ ÏƒÎ¿Ï…,×œÖ·×‘×”××ª×™×š,×œÖ´Ö¨×‘Ö°×”Ö¶×Ö°ï­ŠÖ°×šÖ¸Ö”,expansion,word,specification,determination,phrase,consonants,,G reads the definite article.
25:7.1.2,Ï„Î¿á¿–Ï‚ ÎºÏ„á½µÎ½ÎµÏƒá½·Î½ ÏƒÎ¿Ï…,×œ×‘×”××ª×™×š,×œÖ´Ö¨×‘Ö°×”Ö¶×Ö°ï­ŠÖ°×šÖ¸Ö”,exchange,word,morphology,number,word,translation,,G reads the plural of ×‘×”××”. It frequently translates â€œanimalâ€ in the plural in Leviticus.
25:7.2,Ï„Î¿á¿–Ï‚ Î¸Î·Ïá½·Î¿Î¹Ï‚,×œ×—×™×,×œÖ·Ö½×—Ö·ï¬¹Ö¸Ö–×”,exchange,word,morphology,number,phrase,translation,,G reads the plural.
25:7.3,á¼Î½ Ï„á¿‡ Î³á¿‡ ÏƒÎ¿Ï…,×‘Ö¸××¨×¦×š,ï¬±Ö°ï¬®×¨Ö°×¦Ö¶Ö‘×šÖ¸,expansion,word,specification,determination,phrase,consonants,,G reads the definite article.
25:7.4.1,Ï€á¾¶Î½ Ï„á½¸ Î³á½³Î½Î·Î¼Î± Î±á½Ï„Î¿á¿¦,×›×œÖ¾×”×ª×‘×•××ª×•,×›Ö¸×œÖ¾ï­ŠÖ°×‘ï¬µï¬¯×ªÖ¸Ö–ï¬´,expansion,word,specification,determination,phrase,translation,,G reads the definite article.
25:7.4.2,Ï€á¾¶Î½ Ï„á½¸ Î³á½³Î½Î·Î¼Î± Î±á½Ï„Î¿á¿¦,×›×œÖ¾×”×ª×‘×•××ª×•,×›Ö¸×œÖ¾ï­ŠÖ°×‘ï¬µï¬¯×ªÖ¸Ö–ï¬´,exchange,word,morphology,actant,word,translation,,"G reads the masculine suffix on ×ª×‘×•××ª×” â€œproduce.â€ Î±á½Ï„Î¿á¿¦ might likewise refer to a neuter singular referent. There are a number of possibilities. G may read the antecedent as Ï„Î¿á¿¦ á¼€Î³ÏÎ¿á¿¦ â€œfieldâ€ (vs. 5a) or á¼Î½Î¹Î±Ï…Ï„á½¸Ï‚ â€œyearâ€ (vs. 5b). It it difficult to discern exactly what is happening here. Note that G also reads a masculine suffix on the same noun in vs. 16, there seemingly in connection with the pronoun ×”×•×. G could conceivably read the ×” suffix as an archaic 3ms."
25:8.1,ÎºÎ±á½¶ á¼”ÏƒÎ¿Î½Ï„Î±á½· ÏƒÎ¿Î¹,×•×”×™×• ×œ×š,×•Ö°×”Ö¸×™Ö£ï¬µ ×œÖ°×šÖ¸Ö— ×™Ö°×Öµ×™,omission,word,subject,hyponym,clause,hypernymy,,"G does not read ×™××™ â€œdays,â€ the subject in the MT. The use of ×™×•× here in the plural refers to a general period of time, as it is used in vs. 29b (where G also varies). The change in G results in the 3pl. subject becoming á¼Ï„á¿¶Î½ â€œyearsâ€ (though it could be á¼”Ï„Î· á¼‘Ï€Ï„á½±ÎºÎ¹Ï‚). While â€œdaysâ€ is a general term (hypernym) meaning period of time, â€œyearsâ€ is a specific term (hyponym). G collapses the general into the specific."
25:8.2,á¼”Ï„Î·,×©× ×™×,ï¬ªÖ¸× Ö¸Ö½×”,exchange,word,morphology,number,word,translation,,G reads the plural ×©× ×™×. It is probably translational.
25:9.1.1,Î´Î¹Î±Î³Î³ÎµÎ»Îµá¿–Ï„Îµ,×”×’×™×“×•,×”Ö·Ö½×¢Ö²×‘Ö·×¨Ö°ï­ŠÖ¸Ö,exchange,word,lexeme,literalism,word,metonymy,,"G reads an interpretation of the metonymy ×•×”×¢×‘×¨×ª. In this case â€œto cause a loud trumpet to pass overâ€ directly cites the cause of the sound, but it is a figure for the sound itself. G literalizes the figure."
25:9.1.2,Î´Î¹Î±Î³Î³ÎµÎ»Îµá¿–Ï„Îµ,×”×’×™×“×•,×”Ö·Ö½×¢Ö²×‘Ö·×¨Ö°ï­ŠÖ¸Ö,exchange,word,morphology,number,word,cohesion,Lev 25:9b,"G reads the plural ×•×”×¢×‘×¨×ª×• (or ×•×”×’×™×“×•). The 2pl. is under the influence of the verseâ€™s part b, a part that also influences the variance in 25:9.3."
25:9.2,Ïƒá½±Î»Ï€Î¹Î³Î³Î¿Ï‚ Ï†Ï‰Î½á¿‡,×‘×©×•×¤×¨ ×ª×¨×•×¢×”,ï¬ª×•Ö¹×¤Ö·Ö¤×¨ ï­ŠÖ°×¨ï¬µ×¢Ö¸×”Ö™,expansion,phrase,function,adjunct,clause,syntax,,G reads ×ª×¨×•×¢×” as a complement to the action.The noun is generally read as an adjunctive element to ×©×•×¤×¨. 
25:9.3,á¼Î½ Ï€á½±Ïƒá¿ƒ Ï„á¿‡ Î³á¿‡ á½‘Î¼á¿¶Î½,×‘×›×œ ××¨×¦×›×,Ã¸,expansion,phrase,specification,adjunct,clause,innertextuality,Lev 25:9b,"G reads an additional complement element modifying the verb, describing â€œwhereâ€ the sound should be carried. The phrase is borrowed from part b of the verse. This is the second complementizer element in a row."
25:9.4,á¿‡ Î´ÎµÎºá½±Ï„á¿ƒ,×‘Ö¸×¢×©×•×¨,ï¬±Ö¶×¢Ö¸ï¬«Ö–×•Ö¹×¨,expansion,word,morphology,determination,word,consonants,,G reads the definite article.
25:9.5,Î´Î¹Î±Î³Î³ÎµÎ»Îµá¿–Ï„Îµ,×”×’×™×“×•,×”Ö·Ö½×¢Ö²×‘Ö·×¨Ö°ï­ŠÖ¸Ö,exchange,word,lexeme,literalism,word,metonymy,,See the same in 25:9.1.1.
25:9.6,Ïƒá½±Î»Ï€Î¹Î³Î³Î¹,×‘×©×•×¤×¨,ï¬ª×•Ö¹×¤Ö¸Ö–×¨,expansion,phrase,function,adjunct,clause,metonymy,,"G reads ×©×•×¤×¨ as a complement â€œwith a hornâ€ as in 25:9.2, though there with ×ª×¨×•×¢×”. While â€œhornâ€ remains the direct object in 25:9.2, here its function is transformed. This is a literalization of the metonymy of cause (the horn, changing it to â€œwith a hornâ€). "
25:9.7,á¼Î½ Ï€á½±Ïƒá¿ƒ Ï„á¿‡ Î³á¿‡ á½‘Î¼á¿¶Î½,×‘×›×œ ×”××¨×¦×›×,ï¬±Ö°×›Ö¸×œÖ¾ï¬®×¨Ö°×¦Ö°×›Ö¶Ö½×,expansion,word,specification,determination,phrase,translation,,G reads the definite article.
25:10.1,Ï„á½¸ á¼”Ï„Î¿Ï‚,××ª ×”×©× ×ª,×ÖµÖ£×ª ï¬ªÖ°× Ö·Ö¤×ª,expansion,word,specification,determination,word,translation,,G reads the definite article.
25:10.2,á¼Î½Î¹Î±Ï…Ï„á½¸Ï‚ á¼€Ï†á½³ÏƒÎµÏ‰Ï‚ ÏƒÎ·Î¼Î±Ïƒá½·Î± Î±á½•Ï„Î· á¼”ÏƒÏ„Î±Î¹ á½‘Î¼á¿–Î½,×©× ×” ×ª×¨×•×¢×ª ×™×•×‘×œ ×”×•× ×ª×”×™×” ×œ×›×,×™×•Ö¹×‘ÖµÖ¥×œ ×”Ö´×•×Ö™ ï­ŠÖ´×”Ö°×™Ö¶Ö£×” ×œÖ¸×›Ö¶Ö”×,expansion,phrase,specification,resolution,clause,syntax,Lev 25:9,"G reads two additional substantives: ×©× ×” â€œyearâ€ (á¼Î½Î¹Î±Ï…Ï„á½¸Ï‚) and ×ª×¨×•×¢×” â€œsoundâ€ (ÏƒÎ·Î¼Î±Ïƒá½·Î±). That ÏƒÎ·Î¼Î±Ïƒá½·Î± indeed translates (or represents) ×ª×¨×•×¢×” and not â€œsignâ€ as NET translates it is clear from its use in Num 10:5-7, 29:1, 31:6; Ezra 3:12-13; 1 Chron 15:28; and 2 Chron 13:12. 

A motivation for the difference in G can be found in the 3fs demonstrative pronoun, which does not match the 3ms ×™×•×‘×œ â€œjubilee.â€ Introducing ×ª×¨×•×¢×” from vs. 9 both solves the grammatical incongruity and creates a stronger connection with the preceding material. The resulting sentence now reads: â€œThe year will be a sound of jubilee for you.â€ Whereas MT simply states â€œa jubilee that will be for you,â€ G specifies 1) that the jubilee is a year (via vs. 9 and 10a), and 2) that it is marked with a â€œshout,â€ i.e. the sound of a trumpet.

That G fronts Î±Ï†ÎµÏƒÎµÏ‰Ï‚ before ÏƒÎ·Î¼Î±Ïƒá½·Î± allows the latter to abut the feminine demonstrative pronoun, ensuring the connection between the two."
25:10.3.1,ÎºÎ±á½¶ á¼€Ï€ÎµÎ»Îµá½»ÏƒÎµÏ„Î±Î¹,×•×™×©×‘,×•Ö°ï¬ªÖ·×‘Ö°ï­ŠÖ¶Ö—×,exchange,word,morphology,person,word,syntax,,"G reads the verb ×©×•×‘ as agreeing with ××™×©, i.e. 3sg. It solves the incongruity between the 3ms and the 2mp of ×©×‘×ª×. The same incongruity is not solved in the latter part of the verse. Perhaps the extra reading of ××—×“ (see below) has strengthened the perceived problem."
25:10.3.2,ÎºÎ±á½¶ á¼€Ï€ÎµÎ»Îµá½»ÏƒÎµÏ„Î±Î¹,×•×™×©×‘,×•Ö°ï¬ªÖ·×‘Ö°ï­ŠÖ¶Ö—×,exchange,word,morpholoy,number,word,syntax,,See above.
25:10.4,á¼•ÎºÎ±ÏƒÏ„Î¿Ï‚ Îµá¼°Ï‚,××™×© ××—×“,×Ö´×™ï¬ª,expansion,word,specification,adjunct,phrase,translation,,"N.B. that this reading is omitted in GÃ¶ttingen due to its absence in 1Âº. Codex B et al. read a phrase that makes the semantic interpretation of ××™×© as â€œeachâ€ more explicit. The reconstructed phrase, ××™×© ××—×“ is used by G in e.g. Gen 42:11."
25:11.1,á¼€Ï†á½³ÏƒÎµÏ‰Ï‚ ÏƒÎ·Î¼Î±Ïƒá½·Î± Î±á½•Ï„Î·,×ª×¨×•×¢×ª ×™×•×‘×œ ×”×•×,×™×•Ö¹×‘ÖµÖ£×œ ×”Ö´Ö—×•× ï¬ªÖ°× Ö·Ö›×ª,expansion,phrase,specification,resolution,clause,syntax,Lev 25:9,"G again reads a text which solves the apparent incongruity between ×™×•×‘×œ as 3ms and the 3fs demonstrative ×”Ö´×•×. Again, the presence of ÏƒÎ·Î¼Î±Ïƒá½·Î± indicates a potential ×ª×¨×•×¢×”, and thus a connection with vs. 9."
25:11.2,Ï„á½¸ á¼”Ï„Î¿Ï‚,×”×©× ×”,ï¬ªÖ°× Ö·Ö›×ª,expansion,word,specification,determination,phrase,translation,,G reads the definite article.
25:11.3.1,Ï„á½° Î±á½Ï„á½¹Î¼Î±Ï„Î± Ï„á½° á¼€Î½Î±Î²Î±á½·Î½Î¿Î½Ï„Î±,××ª ×”×¡×¤×™×—×™× ×”×¢×œ×™×,×ÖµÖ£×ª ×¡Ö°×¤Ö´Ö¤×™×—Ö·,expansion,word,specification,determination,phrase,translation,,G reads the definite article.
25:11.3.2,Ï„á½° Î±á½Ï„á½¹Î¼Î±Ï„Î± Ï„á½° á¼€Î½Î±Î²Î±á½·Î½Î¿Î½Ï„Î±,××ª ×”×¡×¤×™×—×™× ×”×¢×œ×™×,×ÖµÖ£×ª ×¡Ö°×¤Ö´Ö¤×™×—Ö·,expansion,phrase,lexeme,apposition,phrase,translation,,See the same in 25:5.
25:11.4.1,Ï„á½° á¼¡Î³Î¹Î±ÏƒÎ¼á½³Î½Î± Î±á½Ï„á¿†Ï‚,××ªÖ¾×”×§×“×©×™×”Ö¼,×Ö¶×ªÖ¾× Ö°×–Ö´×¨Ö¶Ö½×™×”Ö¸,expansion,word,specification,determination,phrase,translation,,G reads the definite article.
25:11.4.2,Ï„á½° á¼¡Î³Î¹Î±ÏƒÎ¼á½³Î½Î± Î±á½Ï„á¿†Ï‚,××ªÖ¾×”×§×“×©×™×”Ö¼,×Ö¶×ªÖ¾× Ö°×–Ö´×¨Ö¶Ö½×™×”Ö¸,exchange,word,lexeme,metonymy,word,intertextuality,"Num 6:5, 10; Lev 25:12",See the potential cause of this form in the explanation provided for 25:5.
25:12.1.1, á¼€Ï†á½³ÏƒÎµÏ‰Ï‚ ÏƒÎ·Î¼Î±Ïƒá½·Î± á¼ÏƒÏ„á½·Î½,×ª×¨×•×¢×ª ×™×•×‘×œ ×”×•Ö´×,×™×•Ö¹×‘ÖµÖ£×œ,expansion,phrase,specification,resolution,phrase,syntax,Lev 25:9,"G reads an additional complement element modifying ×™×•×‘×œ, that is, ×ª×¨×•×¢×” or â€œshoutâ€ as from vs. 9. It applies the formula as utilized in vs. 10. Like in vs. 10, MT has a 3fs demonstrative pronoun ×”×•Ö´× which disagrees with the presumed subject ×™×•×‘×œ (3ms). But G seems to read the pronoun as 3ms ×”×•Ö¼×. G reads the same correction mechanism here, with the addition of ×ª×¨×•×¢×”. However, as seen below, the pronoun is absent, perhaps due to the interaction of it with the 3fs verb ×ª×”×™×”. "
25:12.1.2,á¼€Ï†á½³ÏƒÎµÏ‰Ï‚ ÏƒÎ·Î¼Î±Ïƒá½·Î± á¼ÏƒÏ„á½·Î½,×ª×¨×•×¢×ª ×™×•×‘×œ ×”×•Ö´×,×™×•Ö¹×‘ÖµÖ£×œ,exchange,word,type,predication,clause,translation,,G reads the demonstrative pronoun as a copula.
25:12.2,Ï„á½° Î³ÎµÎ½á½µÎ¼Î±Ï„Î± Î±á½Ï„á¿†Ï‚,××ªÖ¾×”×ª×‘××ª×™×”,×Ö¶×ªÖ¾ï­ŠÖ°×‘ï¬µï¬¯×ªÖ¸Ö½ï¬´,exchange,word,morphology,number,word,translation,,G reads the plural.
25:13.1.1,á¼˜Î½ Ï„á¿· á¼”Ï„ÎµÎ¹ Ï„á¿†Ï‚ á¼€Ï†á½³ÏƒÎµÏ‰Ï‚ ÏƒÎ·Î¼Î±Ïƒá½·á¾³ Î±á½Ï„á¿†Ï‚,×‘Ö·×©× ×ª ×ª×¨×•×¢×ª ×™×•×‘×œ ×”×–××ª,ï¬±Ö´ï¬ªÖ°× Ö·Ö¥×ª ×”Ö·ï¬¹×•Ö¹×‘ÖµÖ–×œ ×”Ö·ï¬¶Ö¹Ö‘××ª,expansion,phrase,specification,resolution,phrase,syntax,Lev 25:9,"G again reads ×™×•×‘×œÂ with ×ª×¨×•×¢×”. In this case, the feminine demonstrative ×–××ª causes the incongruity. "
25:14.1,á¼€Ï€Î¿Î´á¿·,×ª××›×¨,×ªÖ´×Ö°ï¬»Ö°×¨Ö¤ï¬µ,exchange,word,morphology,number,clause,cohesion,,"G reads the 2ms verb ×ª××›×¨ which agrees with the 2ms suffix on ×œ×¢××™×ª×š. The change brings additional cohesion to the clause.

Note that Gâ€™s text could have rather assimilated the suffices and persons to the plural. By making a single change in this clause, however, it is able to achieve both cohesion and preservation of the source. "
25:14.2,Î¼á½´ Î¸Î»Î¹Î²á½³Ï„Ï‰,××œÖ¾×™× ×”,ï¬®×œÖ¾ï­Š×•Ö¹× Ö–ï¬µ,exchange,word,morphology,person,clause,cohesion,,"G reads the 3ms rather than 2mp, making the verb agree with the implied subject ××™×©. "
25:14.3,Ï„á½¸Î½ Ï€Î»Î·Ïƒá½·Î¿Î½,××ªÖ¾×”××—,×Ö¶×ªÖ¾ï¬¯×—Ö´Ö½×™×•,omission,word,suffix,actant,phrase,redundancy,,G does not read the 3ms suffix on ××—. Is this a way of compensating for the switch to the third person in the change above?
25:15.1,Ï„á½´Î½ ÏƒÎ·Î¼Î±Ïƒá½·Î±Î½,×”×ª×¨×•×¢×”,×”Ö·ï¬¹×•Ö¹×‘ÖµÖ”×œ,exchange,word,lexeme,actant,text,cohesion,,"G seems to read ×ª×¨×•×¢×” instead of ×™×•×‘×œ. That Gâ€™s text would take the former is likely due to the construct form it has been employing of ×ª×¨×•×¢×ª ×™×•×‘×œ to solve the gender issues. Since ×ª×¨×•×¢×” is at the head of the phrase, it becomes the term utilized here in vs. 15. It is difficult to tell whether this change reflects a variant Vorlage or a translatorâ€™s interpretation."
25:16.1,á½…Ï„Î¹ á¼€ÏÎ¹Î¸Î¼á½¸Î½ Î³ÎµÎ½Î·Î¼á½±Ï„Ï‰Î½ *Î±á½Ï„Î¿á¿¦ Î¿á½•Ï„Ï‰Ï‚ á¼€Ï€Î¿Î´á½½ÏƒÎµÏ„Î±á½· ÏƒÎ¿Î¹.,×›×™ ××¡×¤×¨ ×ª×‘×•××ª ×”×•× ××›×¨ ×œ×š,ï¬»Ö´×™ ×Ö´×¡Ö°ï­„Ö·Ö£×¨ ï­ŠÖ°×‘ï¬µ×Ö¹Ö”×ª ×”Ö¥ï¬µ× ×Ö¹×›ÖµÖ–×¨ ×œÖ¸Ö½×šÖ°,exchange,text,function,actant,text,cohesion,,"G reads the independent pronoun ×”×•× as in construct with ×ª×‘×•××ª â€œproduce,â€ thus â€œproduce of heâ€ or â€œhis produce.â€ This reading accomplishes two goals: 1) it avoids altering the consonantal layout of the source, 2) the reading brings this part of vs. 16 into cohesion with the previous clauses in vs. 16, which each speak of ××§× ×ª×• â€œhis purchase.â€ With this reading, the text can maintain the flow of logic: â€œhis produce,â€ meaning the produce from his, that is the neighborâ€™s, field.

While the pronoun ×”×•× is never found in a construct relation in the Hebrew Bible, Sam, or Qumran (based on Accordance search), the more general noun + personal pronoun is found twice in the HB (https://shebanq.ancient-data.org/hebrew/query?version=2017&id=2600), once with ×”×™×. Gâ€™s text thus represents a feasible reading.

N.B. that GÃ¶ttingen (Wevers) does not accept the reading of B and A here (which includes Î±á½Ï„Î¿á¿¦). And Wevers considers this an â€œerrorâ€ since it â€œmakes no senseâ€ (Wevers, Notes, 411). This analysis takes issue with Weverâ€™s assessment."
25:17.1,Î¼á½´ Î¸Î»Î¹Î²á½³Ï„Ï‰ á¼„Î½Î¸ÏÏ‰Ï€Î¿Ï‚,×•×œ× ×™× ×” ××™×©,×•Ö°×œÖ¹Ö¤× ×ª×•Ö¹× ï¬µÖ™ ×Ö´Ö£×™ï¬ª ,exchange,word,morpholoy,person,clause,cohesion,,G reads the 3ms verb to accord with ××™×©.
25:17.2,Ï„á½¸Î½ Ï€Î»Î·Ïƒá½·Î¿Î½,××ª ×¢××™×ª,×Ö¶×ªÖ¾×¢Ö²×Ö´×™×ªÖ”×•Ö¹,omission,word,morphology,pronominal,word,translation,,G does not read the 3ms pronominal suffix as with verse 14. Is it only translational?
25:17.3,Îºá½»ÏÎ¹Î¿Î½ Ï„á½¸Î½ Î¸Îµá½¹Î½ ÏƒÎ¿Ï…,××™×”×•×” ××œ×”×™×š,×ÖµÖ½×Ö±×œÖ¹×”Ö¶Ö‘×™×šÖ¸,expansion,word,specification,apposition,phrase,vorlage,,"G reads â€œthe Lord your God,â€ a common formulation and expansion."
25:17.4,á¼Î³á½½ Îµá¼°Î¼Î¹ Îºá½»ÏÎ¹Î¿Ï‚ á½ Î¸Îµá½¸Ï‚ á½‘Î¼á¿¶Î½,×× ×™ ×™×”×•×” ××œ×”×™×›×,ï¬»Ö´Ö›×™ ×Ö²× Ö´Ö¥×™ ×™Ö°×”×•Ö¹Ö¸Ö–×” ×Ö±×œÖ¹×”Öµ×™×›Ö¶Ö½×,omission,word,conjuntion,subordination,text,intertextuality,Lev 19:31,"G does not read the particle ×›×™ due to the influence of the parallel formula in Lev 19:32, which does not contain the conjunction ×›×™. There are additional links between these two passages, as explained below for vs. 18."
25:18.1.1,ÎºÎ±á½¶ Ï€Î¿Î¹á½µÏƒÎµÏ„Îµ Ï€á½±Î½Ï„Î± Ï„á½° Î´Î¹ÎºÎ±Î¹á½½Î¼Î±Ï„á½± Î¼Î¿Ï… ÎºÎ±á½¶ Ï€á½±ÏƒÎ±Ï‚ Ï„á½°Ï‚ ÎºÏá½·ÏƒÎµÎ¹Ï‚ Î¼Î¿Ï… ÎºÎ±á½¶ Ï†Ï…Î»á½±Î¾Î±ÏƒÎ¸Îµ ÎºÎ±á½¶ Ï€Î¿Î¹á½µÏƒÎµÏ„Îµ Î±á½Ï„á½°,×•×¢×©×™×ª× ××ª ×›×œ ×—×§×ª×™ ×•××ª ×›×œ ××©×¤×˜×™ ×•×ª×©××¨×• ×•×¢×©×™×ª× ××ª×,×•Ö·×¢Ö²ï¬«Ö´×™×ªÖ¶×Ö™ ×Ö¶×ªÖ¾×—Ö»ï­‡Ö¹×ªÖ·Ö”×™ ×•Ö°×Ö¶×ªÖ¾×Ö´ï¬ªÖ°ï­„Ö¸×˜Ö·Ö¥×™ ï­ŠÖ´ï¬ªÖ°×Ö°×¨Ö–ï¬µ ×•Ö·×¢Ö²ï¬«Ö´×™×ªÖ¶Ö£× ×Ö¹×ªÖ¸Ö‘×,expansion,word,specification,adjunct,clause,intertextuality,Lev 19:37; Lev 20:22,"G reads the addition of a ×›×œ modifier on both ×—×§×ª×™ and ××©×¤×˜×™. Thus: â€œall my statutesâ€ and â€œall my judgments.â€ Gâ€™s reading derives from Lev 19:37 and 20:22, where the same formula occurs but with the verb ×©××¨. That Gâ€™s text is sourced from those verses is made clear by the the fact that both texts have ×—×§×ª×™ and ××©×¤×˜×™ as the object of the same verb within the same clause. Gâ€™s text does the same, while in the MT both substantives belong to different object phrases and verbs. With the addition of ÎºÎ±á½· before the second verb, Ï†Ï…Î»á½±Î¾Î±ÏƒÎ¸Îµ, G restructures the clause to accede with Lev 19:37 and 20:22.

Of the two parallel texts, Lev 19:37 shares additional lexemes: the instructions about the fair treatment of neighbors, using the same term, ×¢××™×ª, as Lev 25:14, 15, 17 in 19:11, 15, 17; the instructions not to oppress the sojourner, using the same verb ×™× ×” in 19:33 as in 25:14, 17; the exhortation to fear YHWH, ×•×™×¨××ª ×××œ×”×™×š ×× ×™ ×™×”×•×” in 19:32 and 25:17 (which also influenced the omission of ×›×™ in vs.17. "
25:18.1.2,ÎºÎ±á½¶ Ï€Î¿Î¹á½µÏƒÎµÏ„Îµ Ï€á½±Î½Ï„Î± Ï„á½° Î´Î¹ÎºÎ±Î¹á½½Î¼Î±Ï„á½± Î¼Î¿Ï… ÎºÎ±á½¶ Ï€á½±ÏƒÎ±Ï‚ Ï„á½°Ï‚ ÎºÏá½·ÏƒÎµÎ¹Ï‚ Î¼Î¿Ï… ÎºÎ±á½¶ Ï†Ï…Î»á½±Î¾Î±ÏƒÎ¸Îµ ÎºÎ±á½¶ Ï€Î¿Î¹á½µÏƒÎµÏ„Îµ Î±á½Ï„á½°,×•×¢×©×™×ª× ××ª ×›×œ ×—×§×ª×™ ×•××ª ×›×œ ××©×¤×˜×™ ×•×ª×©××¨×• ×•×¢×©×™×ª× ××ª×,×•Ö·×¢Ö²ï¬«Ö´×™×ªÖ¶×Ö™ ×Ö¶×ªÖ¾×—Ö»ï­‡Ö¹×ªÖ·Ö”×™ ×•Ö°×Ö¶×ªÖ¾×Ö´ï¬ªÖ°ï­„Ö¸×˜Ö·Ö¥×™ ï­ŠÖ´ï¬ªÖ°×Ö°×¨Ö–ï¬µ ×•Ö·×¢Ö²ï¬«Ö´×™×ªÖ¶Ö£× ×Ö¹×ªÖ¸Ö‘×,expansion,word,specification,coordination,text,intertextuality,Lev 19:37,"G reads a conjunction between ××©×¤×˜×™ and ×ª×©××¨×•, which is under the influence of Lev 19:37 as discussed above. The word-level change results in a text-level restructuring of the clauses and clause relationships."
25:19.1,Ï„á½° á¼ÎºÏ†á½¹ÏÎ¹Î±,×¤×¨Ö¶×™×”,ï­„Ö´×¨Ö°×™Ö¸Ö”ï¬´,exchange,word,morphology,number,word,translation,,G reads the plural noun.
25:20.1,á¼Î½ Ï„á¿· á¼”Ï„ÎµÎ¹ Ï„á¿· á¼‘Î²Î´á½¹Î¼á¿³ Ï„Î¿á½»Ï„á¿³,×‘×©× ×” ×”×©×‘×™×¢×ª ×”×–××ª,ï¬±Ö·ï¬¬Ö¸× Ö¸Ö£×” ×”Ö·ï¬¬Ö°×‘Ö´×™×¢Ö´Ö‘×ª,expansion,word,specification,demonstrative,phrase,intertextuality,"Ex 14:11; Ex 16:3; Ex 17:3; Ex 32:1, 4, 8, 23","G reads a demonstrative pronoun Ï„Î¿á½»Ï„á¿³. There are three general possibilities: 1. G could have inserted the demonstrative simply as a translational element; 2. G could have inserted the demonstrative under the influence of Lev 25:13 where the phrase ×‘×©× ×ª ×”×™×•×‘×œ ×”×–××ª â€œin this year of jubileeâ€ appears; 3. G might have borrowed the demonstrative from its frequent appearance in the Israelitesâ€™ complaints in the Exodus narrative. 

1 is possible, but it is a phenomenon that has not yet been observed in this text (as opposed to, for instance, the frequent addition of definite articles). 2 is likewise possible, but the demonstrative is conspicuously absent from Gâ€™s reading of Lev 25:13 (see the note on that variant). Would G have omitted the demonstrative in one place only to be influenced by it further down? It is, of course, possible. 3 is attractive because A) It is significant that G places the demonstrative in the mouth of the Israelites, i.e. it is a strategic location in the text; and B) the near-demonstrative is found in all but one of the Israelitesâ€™ complaints in the narratives, sometimes in a prominent position. For instance, in Ex 32, ×–×” ××©×” â€œthis Mosesâ€ is fronted at the beginning of the clause and is repeated when Aaron relates the peopleâ€™s words. In the same story, the people declare: ××œ×” ××œ×”×™×š â€œthis is your godsâ€ (see also Ex 16:3 â€œthis wildernessâ€ //Num 14:2, and Num 20:5 â€œthis wicked placeâ€). The additional intertextual elements, such as the presence of ××” in Ex 15:24 and the similar parallel grammar ××” × ×©×ª×” with Lev 25:20 ××” × ××›×œ. The other complaints likewise feature the question particle ××” or ××™ in Ex 14:1, 16:3, 17:3 (but ×œ××”). In light of these similarities, the Israeliteâ€™s words here in vs. 20, â€œWhat will we eat in this seventh year?â€ very much resemble their complaints elsewhere, a feature that is already present in the MT. Gâ€™s addition of the demonstrative only strengthens that connection."
25:21.1.1,Ï„á½° Î³ÎµÎ½á½µÎ¼Î±Ï„Î± Î±á½Ï„á¿†Ï‚,××ª ×”×ª×‘××ª×™×”Ö¼,×Ö¶×ªÖ¾×”Ö·ï­ŠÖ°×‘ï¬µï¬¯Ö”×”,exchange,word,morphology,number,word,innertextuality,"Lev 25:15, 16",G reads the plural ×ª×‘××•×ª â€œproduces.â€ The reading is seemingly motivated by the fact that the produce is equivalent of â€œthree years.â€ The plural form is borrowed from vss. 15 and 16.
25:21.1.2,Ï„á½° Î³ÎµÎ½á½µÎ¼Î±Ï„Î± Î±á½Ï„á¿†Ï‚,××ª ×”×ª×‘××ª×™×”Ö¼,×Ö¶×ªÖ¾×”Ö·ï­ŠÖ°×‘ï¬µï¬¯Ö”×”,exchange,word,morphology,actant,word,cohesion,,"G reads the 3fs suffix as it has appeared elsewhere in this passage. Here the suffix finds an innerclausal warrant in the form of the 3fs verb ×¢×©×ª, a referent to either ×©× ×ª â€œyearâ€ or ×‘×¨×›×ª â€œblessing.â€"
25:22.1,Ï„á¿¶Î½ Î³ÎµÎ½Î·Î¼á½±Ï„Ï‰Î½,×”×ª×‘×•××ª,×”Ö·ï­ŠÖ°×‘ï¬µï¬¯Ö£×”,exchange,word,morphology,number,phrase,innertextuality,"Lev 25:15, 16",See the same in verse 21.
25:22.2,Ï€Î±Î»Î±Î¹á½° Ï€Î±Î»Î±Î¹á¿¶Î½,×™×©×Ÿ × ×•×©×Ÿ,×™Ö¸ï¬ªÖ¸Ö½×Ÿ,expansion,word,specification,adjunct,phrase,intertextuality,Lev 26:10,"G reads ×™×©×Ÿ × ×•×©×Ÿ â€œold that is oldâ€ which is derived from Lev 26:10. There are numerous links between this passage and Lev 26, including nearly identical language of blessing promised upon the land: that the land would â€œgiveâ€ its yield 26:4//25:19, that the Israelites would eat â€œto satisfactionâ€ ×œ×©×‘×¢ (26:5/25:19, that they would live in â€œsafetyâ€ ×œ×‘×˜×— in their land (26:5//25:19), as well as other parallels outlined by Bergsma (Jubilee, 82-83). By using the term from Lev 26:10, G is showing an awareness of the subsequent material. It is also creating a link between the prosperity described in that passage and this one. They are viewed as the same.

Weversâ€™ flat description of this as â€œlevelingâ€ (Notes, 414) falls short of the reflective interpretation found in this variant. "
25:23.1,á¼Î½Î±Î½Ï„á½·Î¿Î½ Î¼Î¿Ï…,×œ×¤× ×™,×¢Ö´ï¬¾Ö¸×“Ö´Ö½×™,exchange,word,lexeme,narrowing,phrase,translation,,G reads â€œbefore me.â€ Perhaps it is reflective nonetheless of ×¢××“. 
25:24.1.1,ÎºÎ±á½¶ ÎºÎ±Ï„á½° Ï€á¾¶ÏƒÎ±Î½ Î³á¿†Î½ ÎºÎ±Ï„Î±ÏƒÏ‡á½³ÏƒÎµÏ‰Ï‚ á½‘Î¼á¿¶Î½,×•×›×›×œ ××¨×¥ ××—×–×ª×›×,ï¬µ×‘Ö°×›Ö¹Ö–×œ ×Ö¶Ö£×¨Ö¶×¥ ×Ö²×—Ö»ï¬¶Ö·×ªÖ°×›Ö¶Ö‘×,exchange,word,lexeme,narrowing,clause,cohesion,,"G reads the preposition as ×› â€œaccording to.â€ It could be the result of a common confusion between the similar letters ×›//×‘. But it should not be overlooked that the reading with kaph fundamentally alters the interpretation from â€œin all the land of your possession, a redemption shall be given for the landâ€ to â€œaccording to all the land of your possession, a redemption shall be given for the land.â€ The first is a simple spatial marker; looks, somewhat reflectively, at the measure of the land in possession. "